FIPS,POP_SQMI,AVE_HH_SZ
1001,94.2,2.68
1003,130.9,2.46
1005,29.4,2.47
1007,36.7,2.6
1009,89.1,2.63
1011,17.1,2.46
1013,26.3,2.43
1015,190.6,2.44
1017,57,2.42
1019,42.8,2.42
1021,63.9,2.61
1023,14.3,2.34
1025,20,2.47
1027,23,2.41
1029,26.9,2.51
1031,76.3,2.49
1033,89,2.37
1035,14.8,2.34
1037,16.1,2.38
1039,36.1,2.39
1041,23.1,2.44
1043,111.7,2.49
1045,89.7,2.46
1047,43.5,2.52
1049,92.6,2.62
1051,127,2.61
1053,40.3,2.48
1055,187.7,2.43
1057,26.8,2.39
1059,49.3,2.56
1061,46.6,2.43
1063,13.8,2.39
1065,23,2.46
1067,31.1,2.45
1069,182.5,2.44
1071,47.2,2.45
1073,602.6,2.44
1075,23.6,2.35
1077,129.4,2.35
1079,47.1,2.5
1081,260.2,2.44
1083,151.9,2.54
1085,14.9,2.57
1087,32.4,2.32
1089,452,2.43
1091,20.6,2.43
1093,41,2.36
1095,152.6,2.57
1097,337.2,2.56
1099,22.9,2.48
1101,291.5,2.45
1103,200.2,2.5
1105,13.9,2.5
1107,23.3,2.42
1109,50,2.34
1111,39.4,2.46
1113,91.2,2.47
1115,135.9,2.58
1117,266.8,2.6
1119,14.9,2.32
1121,107,2.48
1123,54.6,2.42
1125,155.6,2.42
1127,81.7,2.49
1129,16.4,2.58
1131,13.1,2.58
1133,38.4,2.38
2013,0.4,2.56
2016,1.5,2.49
2020,175,2.64
2050,0.4,3.59
2060,1.7,2.32
2068,0.1,2.22
2070,0.3,3.07
2090,14.1,2.56
2100,1,2.18
2105,0.3,2.35
2110,12.1,2.49
2122,3.4,2.42
2130,2.9,2.49
2150,2.1,2.86
2158,0.4,4.27
2164,0.1,2.88
2170,4.3,2.75
2180,0.4,3.29
2185,0.1,3.34
2188,0.2,3.72
2195,1.1,2.36
2198,1.5,2.51
2220,3.2,2.43
2230,2.2,2.15
2240,0.3,2.59
2261,0.3,2.38
2275,0.9,2.23
2282,0.1,2.39
2290,0,2.51
4001,6.4,3.1
4003,20.9,2.46
4005,7.8,2.69
4007,11.4,2.39
4009,8.2,3.01
4011,5.1,2.64
4012,4.4,2.19
4013,475.6,2.67
4015,15.7,2.39
4017,10.9,2.95
4019,113.2,2.46
4021,79.4,2.78
4023,37.9,3.05
4025,28.8,2.28
4027,37.4,2.93
5001,17.7,2.35
5003,22.2,2.47
5005,71.9,2.18
5007,303.2,2.67
5009,62.8,2.41
5011,17.1,2.42
5013,8.5,2.3
5015,44,2.39
5017,16.3,2.42
5019,26,2.32
5021,24.2,2.33
5023,43.4,2.31
5025,14.9,2.53
5027,31.7,2.38
5029,37.2,2.48
5031,154.5,2.49
5033,105.5,2.62
5035,78.2,2.64
5037,27.9,2.52
5039,11.8,2.35
5041,16,2.43
5043,23.1,2.41
5045,184.7,2.56
5047,29.2,2.51
5049,19.7,2.32
5051,134.6,2.29
5053,29.1,2.55
5055,78.3,2.53
5057,30.1,2.52
5059,53.7,2.48
5061,22.7,2.54
5063,48.8,2.48
5065,23.3,2.26
5067,27.3,2.38
5069,82.8,2.49
5071,39.1,2.55
5073,14.1,2.39
5075,28.8,2.42
5077,16.4,2.39
5079,24,2.54
5081,22.5,2.41
5083,30.6,2.5
5085,92.1,2.68
5087,19.9,2.53
5089,26.6,2.23
5091,69.5,2.44
5093,48,2.58
5095,12.1,2.32
5097,12.3,2.34
5099,14.8,2.39
5101,10.1,2.32
5103,33.4,2.34
5105,18.2,2.47
5107,29,2.53
5109,18.8,2.49
5111,32.2,2.49
5113,23.7,2.43
5115,78.3,2.5
5117,12.3,2.33
5119,496.9,2.36
5121,27.1,2.41
5123,43.8,2.51
5125,164.3,2.55
5127,12.8,2.55
5129,12,2.27
5131,239.8,2.49
5133,29.8,2.83
5135,28.6,2.32
5137,21.1,2.3
5139,38.6,2.43
5141,24.8,2.3
5143,245.9,2.56
5145,77.5,2.52
5147,11.4,2.28
5149,23.6,2.66
6001,2211.2,2.7
6003,1.4,2.32
6005,64.6,2.3
6007,138.5,2.45
6009,44.7,2.39
6011,19.6,3
6013,1505.2,2.77
6015,27.3,2.5
6017,109,2.55
6019,165.9,3.15
6021,21.8,2.84
6023,39.3,2.31
6025,40.8,3.34
6027,1.8,2.25
6029,110.6,3.15
6031,110.6,3.19
6033,51.1,2.39
6035,7.1,2.5
6037,2517.4,2.98
6039,72.5,3.28
6041,497.4,2.36
6043,12.5,2.28
6045,25.6,2.46
6047,137.7,3.32
6049,2.4,2.3
6051,4.5,2.42
6053,130.7,3.15
6055,181.2,2.69
6057,105.2,2.35
6059,4072.3,2.99
6061,260.1,2.6
6063,8,2.2
6065,332,3.14
6067,1539.3,2.71
6069,43.2,3.27
6071,108.1,3.26
6073,789.4,2.75
6075,18537.2,2.26
6077,527,3.12
6079,86.7,2.48
6081,1663.4,2.75
6083,163.8,2.86
6085,1509.6,2.9
6087,622.8,2.66
6089,47.4,2.48
6091,3.2,2.16
6093,7.1,2.28
6095,495.3,2.83
6097,312.7,2.55
6099,359.7,3.08
6101,160.8,2.98
6103,22,2.63
6105,4.1,2.2
6107,96.9,3.36
6109,24.6,2.3
6111,464.9,3.04
6113,214.8,2.74
6115,119.2,2.92
8001,428.2,2.85
8003,23.6,2.45
8005,797.5,2.53
8007,9.8,2.27
8009,1.5,2.2
8011,4.1,2.34
8013,451,2.39
8014,2115.7,2.6
8015,19.6,2.15
8017,1,2.28
8019,23.8,2.14
8021,6.4,2.64
8023,3.1,2.27
8025,7.2,2.41
8027,6.6,2.13
8029,27.5,2.38
8031,4621.2,2.22
8033,1.9,2.3
8035,412,2.79
8037,33.8,2.71
8039,14,2.75
8041,334.5,2.56
8043,31.3,2.3
8045,20.8,2.73
8047,39.9,2.19
8049,8.3,2.26
8051,5.2,2.22
8053,0.8,2.17
8055,4.5,2.09
8057,0.9,2.14
8059,758.3,2.42
8061,0.8,2.24
8063,3.8,2.37
8065,21.5,2.43
8067,34,2.35
8069,133.6,2.42
8071,3.3,2.29
8073,2.2,2.28
8075,12.3,2.34
8077,46.8,2.46
8079,0.9,2.01
8081,3,2.51
8083,13.5,2.4
8085,19.3,2.47
8087,22.4,2.68
8089,14.7,2.38
8091,9.1,2.19
8093,7.9,2.25
8095,6.9,2.41
8097,19,2.09
8099,7.3,2.48
8101,69.4,2.46
8103,2.1,2.43
8105,13.9,2.47
8107,10.7,2.34
8109,2,2.31
8111,1.8,2.03
8113,6.3,2.13
8115,4.5,2.14
8117,49.7,2.36
8119,45.9,2.37
8121,2,2.34
8123,76.5,2.76
8125,4.4,2.49
9001,1486,2.68
9003,1204.7,2.47
9005,196.9,2.44
9007,435.8,2.39
9009,1404.9,2.49
9011,401.7,2.44
9013,369.2,2.51
9015,226.1,2.54
10001,301.7,2.62
10003,1317.1,2.57
10005,250.6,2.45
11001,11073.2,2.11
12001,273.8,2.32
12003,49.4,2.82
12005,234.5,2.41
12007,91.3,2.53
12009,552.2,2.33
12011,1552.8,2.52
12013,25.7,2.52
12015,253.4,2.14
12017,233.6,2.2
12019,330.6,2.76
12021,179.9,2.38
12023,87.5,2.52
12027,57.6,2.71
12029,23.8,2.37
12031,1123.5,2.47
12033,482.6,2.41
12035,222.3,2.42
12037,21.4,2.29
12039,89.1,2.61
12041,50,2.58
12043,13.8,2.52
12045,28.2,2.33
12047,28.3,2.54
12049,45.5,3.12
12051,33.6,3.09
12053,379.6,2.38
12055,93.3,2.28
12057,1324.4,2.55
12059,41.4,2.47
12061,295.1,2.26
12063,52.3,2.4
12065,23.7,2.38
12067,15.5,2.63
12069,298.7,2.42
12071,878.8,2.35
12073,414.8,2.35
12075,36.8,2.45
12077,11.1,2.57
12079,26.6,2.48
12081,510,2.34
12083,214.8,2.35
12085,236.7,2.23
12086,1379.3,2.83
12087,72.7,2.18
12089,124.5,2.53
12091,211.6,2.43
12093,46.2,2.68
12095,1343.4,2.64
12097,227.5,2.93
12099,652.1,2.39
12101,683.3,2.42
12103,3322,2.16
12105,332,2.59
12107,91.5,2.48
12109,371.1,2.49
12111,532.2,2.53
12113,169.5,2.59
12115,718.9,2.13
12117,1347.4,2.55
12119,225.9,2.04
12121,64,2.52
12123,21.3,2.44
12125,65.6,2.66
12127,439.2,2.31
12129,53.7,2.61
12131,61.3,2.38
12133,40.8,2.5
13001,35.9,2.56
13003,27.9,2.8
13005,40.4,2.56
13007,9.7,2.52
13009,173.3,2.45
13011,81,2.75
13013,486.9,2.88
13015,224.4,2.77
13017,68.6,2.55
13019,42.6,2.57
13021,604.8,2.48
13023,60.8,2.49
13025,42,2.66
13027,32.2,2.52
13029,86,2.81
13031,110.1,2.56
13033,29.8,2.7
13035,130.5,2.7
13037,24,2.49
13039,82.6,2.69
13043,44.1,2.65
13045,233.9,2.73
13047,415.4,2.59
13049,16,2.64
13051,616,2.45
13053,43.5,2.98
13055,81.2,2.52
13057,580.7,2.8
13059,1063.9,2.37
13061,13.9,2.35
13063,1928.3,2.82
13065,8.4,2.58
13067,2208.5,2.61
13069,72.7,2.68
13071,83.3,2.73
13073,506.3,2.75
13075,76.4,2.69
13077,325.1,2.77
13079,38.2,2.59
13081,81.2,2.53
13083,95.2,2.49
13085,115,2.61
13087,43.4,2.58
13089,2710.9,2.5
13091,41.6,2.43
13093,37.5,2.45
13095,272.7,2.47
13097,713.1,2.81
13099,20.6,2.56
13101,9.8,3.04
13103,129.4,2.85
13105,52.4,2.47
13107,33.5,2.57
13109,59.5,2.63
13111,68,2.31
13113,569.4,2.78
13115,189.4,2.58
13117,962.4,2.94
13119,85.5,2.51
13121,1944.2,2.36
13123,70.8,2.48
13125,21.6,2.58
13127,191.9,2.46
13129,161.7,2.77
13131,54.6,2.63
13133,44.2,2.43
13135,2115.4,2.98
13137,162.9,2.63
13139,465.2,2.91
13141,19.2,2.38
13143,104.9,2.64
13145,73.9,2.67
13147,100,2.43
13149,38.9,2.66
13151,696.7,2.89
13153,405.5,2.61
13155,26.9,2.54
13157,197.3,2.8
13159,38.1,2.74
13161,45.6,2.63
13163,32.8,2.63
13165,27,2.59
13167,31.9,2.46
13169,73.4,2.68
13171,100.7,2.55
13173,51.7,2.72
13175,59.6,2.54
13177,83.5,2.83
13179,121.9,2.75
13181,31.6,2.42
13183,48.3,2.81
13185,226.2,2.59
13187,113.9,2.56
13189,81.9,2.6
13191,30.5,2.39
13193,35.5,2.56
13195,103.2,2.66
13197,25,2.53
13199,44.4,2.55
13201,21.2,2.46
13205,44.7,2.65
13207,69.8,2.61
13209,39.3,2.55
13211,52.9,2.66
13213,115.6,2.8
13215,875.1,2.47
13217,388.3,2.85
13219,207,2.81
13221,35.4,2.61
13223,510.7,2.94
13225,180,2.58
13227,134.4,2.57
13229,56.7,2.63
13231,84.2,2.84
13233,136.3,2.72
13235,48.7,2.4
13237,60.1,2.45
13239,14.6,2.39
13241,46,2.34
13243,17.9,2.33
13245,625.1,2.47
13247,679.7,2.81
13249,33.1,2.68
13251,21.8,2.53
13253,33.6,2.46
13255,334.8,2.67
13257,143.5,2.49
13259,13,2.35
13261,63.7,2.55
13263,18,2.42
13265,8.3,2.25
13267,51.7,2.52
13269,23.2,2.44
13271,36.7,2.41
13273,27.5,2.57
13275,84.2,2.5
13277,155,2.6
13279,74.7,2.59
13281,68.9,2.17
13283,34,2.53
13285,159,2.62
13287,31.8,2.56
13289,23.2,2.46
13291,70.6,2.3
13293,81.8,2.49
13295,154.6,2.54
13297,282.8,2.81
13299,39.5,2.48
13301,19.5,2.48
13303,30.7,2.56
13305,46.3,2.63
13307,13.8,2.5
13309,28.1,2.54
13311,119.4,2.52
13313,361.6,2.89
13315,23.9,2.5
13317,21.6,2.4
13319,20.8,2.58
13321,36.7,2.62
15001,50.9,2.7
15003,1681,2.95
15005,7.3,1.26
15007,115.4,2.84
15009,144.8,2.82
16001,441.1,2.58
16003,2.9,2.26
16005,75.8,2.64
16007,5.7,2.61
16009,12.3,2.4
16011,22.2,3.02
16013,8.3,2.39
16015,3.8,2.35
16017,23.7,2.37
16019,61.7,2.81
16021,10,2.47
16023,1.3,2.54
16025,1,2.29
16027,364.4,2.92
16029,4,2.64
16031,9.5,2.96
16033,0.5,2.84
16035,3.5,2.23
16037,0.8,2.25
16039,8.7,2.6
16041,21,3.11
16043,6.9,2.88
16045,31.7,2.55
16047,21.6,2.79
16049,1.9,2.3
16051,26,3.2
16053,39,2.95
16055,125,2.53
16057,37.2,2.32
16059,1.8,2.2
16061,8.2,2.26
16063,4.4,3.03
16065,90.8,3.44
16067,28,2.79
16069,47.9,2.36
16071,3.7,2.74
16073,1.6,2.79
16075,59.1,2.73
16077,5.5,2.94
16079,4.8,2.25
16081,24.7,2.78
16083,44.9,2.65
16085,2.8,2.23
16087,7.1,2.5
17001,77.2,2.37
17003,30,2.31
17005,44.8,2.44
17007,192.7,2.91
17009,22,2.3
17011,39.5,2.42
17013,17.2,2.4
17015,32.1,2.29
17017,35.2,2.55
17019,215.9,2.29
17021,47,2.36
17023,31.6,2.38
17025,28.4,2.37
17027,76.5,2.55
17029,103,2.3
17031,5506.1,2.6
17033,43.3,2.36
17035,31.7,2.5
17037,166.5,2.56
17039,40.6,2.39
17041,47.6,2.57
17043,2777.8,2.68
17045,28.4,2.33
17047,29,2.35
17049,73.1,2.5
17051,29.8,2.45
17053,28.4,2.41
17055,92.2,2.35
17057,41,2.37
17059,17.1,2.32
17061,24.5,2.44
17063,120,2.69
17065,18.7,2.39
17067,22.7,2.35
17069,23,2.25
17071,17.8,2.31
17073,60.2,2.44
17075,25.8,2.45
17077,99.6,2.2
17079,19.3,2.45
17081,65.7,2.38
17083,59.4,2.51
17085,36.6,2.31
17087,37.4,2.41
17089,1037.4,2.98
17091,162.6,2.61
17093,387.7,3.01
17095,71.4,2.27
17097,1504.2,2.82
17099,97.6,2.45
17101,44,2.34
17103,48.5,2.41
17105,35.6,2.43
17107,48.4,2.34
17109,54.3,2.19
17111,511.3,2.81
17113,146.8,2.44
17115,182.1,2.33
17117,54,2.42
17119,363.5,2.46
17121,66.9,2.4
17123,30.8,2.4
17125,23.7,2.38
17127,61.3,2.38
17129,40.1,2.44
17131,28.1,2.41
17133,87.9,2.59
17135,40.8,2.38
17137,60.8,2.3
17139,43.2,2.51
17141,68.6,2.54
17143,293.4,2.39
17145,49,2.38
17147,39.1,2.46
17149,18.9,2.38
17151,11,2.23
17153,30,2.32
17155,33.4,2.39
17157,55.2,2.37
17159,44.5,2.36
17161,322.2,2.34
17163,395.2,2.53
17165,63.2,2.32
17167,227.4,2.33
17169,16,2.33
17171,20.1,2.4
17173,28.5,2.4
17175,20.3,2.43
17177,81.8,2.36
17179,206,2.45
17181,41.4,2.41
17183,87.2,2.41
17185,50.3,2.37
17187,31.5,2.4
17189,25.8,2.44
17191,23,2.35
17193,28.7,2.26
17195,82,2.42
17197,825.8,2.97
17199,154.4,2.35
17201,558.1,2.52
17203,73.3,2.64
18001,105.4,2.83
18003,571.5,2.53
18005,202.2,2.53
18007,21.8,2.52
18009,73.9,2.41
18011,162.5,2.65
18013,49.1,2.43
18015,54.8,2.54
18017,92.8,2.55
18019,315.8,2.46
18021,73.3,2.54
18023,80.9,2.68
18025,35.4,2.48
18027,75.5,2.74
18029,162.8,2.64
18031,72.2,2.54
18033,119.5,2.61
18035,293.9,2.34
18037,100.4,2.54
18039,443.1,2.76
18041,110.2,2.46
18043,529.5,2.48
18045,41.5,2.46
18047,59.1,2.67
18049,54.7,2.5
18051,69.6,2.47
18053,163.5,2.39
18055,60.1,2.44
18057,831.2,2.73
18059,250.2,2.64
18061,84,2.56
18063,408.7,2.71
18065,124.5,2.43
18067,286.5,2.38
18069,95.6,2.52
18071,87.1,2.53
18073,61.1,2.66
18075,54.8,2.58
18077,89.9,2.42
18079,74.6,2.64
18081,484.6,2.63
18083,72.5,2.35
18085,145.6,2.6
18087,102.9,3.17
18089,982.1,2.6
18091,185.3,2.48
18093,101.7,2.42
18095,286,2.41
18097,2362.4,2.42
18099,105.2,2.66
18101,30.2,2.43
18103,95.5,2.49
18105,354.8,2.24
18107,76.6,2.47
18109,171.6,2.65
18111,35.7,2.56
18113,117.1,2.69
18115,70.5,2.45
18117,48,2.49
18119,54.6,2.52
18121,38.2,2.51
18123,50.1,2.38
18125,37.2,2.44
18127,408,2.6
18129,62.2,2.52
18131,29.8,2.5
18133,79.1,2.52
18135,55.9,2.47
18137,67.4,2.63
18139,41.7,2.54
18141,593.3,2.48
18143,126.9,2.54
18145,108.9,2.53
18147,53.4,2.55
18149,74.2,2.58
18151,108.8,2.47
18153,47.1,2.45
18155,49.3,2.6
18157,377,2.42
18159,59.6,2.47
18161,45,2.54
18163,780.1,2.31
18165,61.9,2.42
18167,267.9,2.38
18169,76.3,2.43
18171,22.8,2.52
18173,164.6,2.62
18175,55,2.58
18177,166.2,2.41
18179,76.6,2.52
18181,48.7,2.5
18183,102,2.53
19001,13.1,2.29
19003,8.9,2.28
19005,21.4,2.39
19007,24.2,2.27
19009,13.2,2.29
19011,36.5,2.5
19013,235.9,2.38
19015,47,2.38
19017,58.5,2.4
19019,37.4,2.53
19021,35.2,2.56
19023,26.2,2.39
19025,17.6,2.22
19027,36.7,2.34
19029,23.9,2.28
19031,32.2,2.42
19033,76.8,2.22
19035,20.1,2.25
19037,23.9,2.36
19039,22.2,2.47
19041,29.7,2.26
19043,23,2.35
19045,67.7,2.39
19047,23.7,2.57
19049,151.7,2.6
19051,17.9,2.7
19053,15.8,2.42
19055,31,2.48
19057,93.1,2.33
19059,43.5,2.18
19061,161.7,2.43
19063,24.5,2.3
19065,27.7,2.33
19067,32.2,2.32
19069,18.7,2.42
19071,14,2.38
19073,15.9,2.3
19075,25,2.4
19077,18.2,2.37
19079,26.4,2.37
19081,19.2,2.35
19083,30.4,2.28
19085,20.9,2.45
19087,45.7,2.43
19089,20,2.37
19091,22,2.3
19093,16.1,2.28
19095,28.2,2.41
19097,30.5,2.37
19099,50.6,2.38
19101,40.7,2.21
19103,243.1,2.33
19105,35.9,2.36
19107,17.8,2.35
19109,15.6,2.28
19111,65.1,2.35
19113,316.7,2.39
19115,27,2.59
19117,20.3,2.39
19119,20.2,2.57
19121,29.5,2.57
19123,38.9,2.42
19125,59.9,2.48
19127,71.3,2.53
19129,34.9,2.58
19131,23.5,2.4
19133,12.9,2.23
19135,18.4,2.44
19137,24.4,2.31
19139,97.2,2.57
19141,25.1,2.31
19143,15.5,2.37
19145,29.3,2.26
19147,16.2,2.27
19149,29.8,2.49
19151,12.1,2.22
19153,840.6,2.48
19155,99.6,2.48
19157,32.6,2.29
19159,9.6,2.42
19161,17.3,2.26
19163,374.8,2.42
19165,20.2,2.35
19167,46.4,2.7
19169,173.5,2.34
19171,24.3,2.5
19173,11.7,2.32
19175,29,2.31
19177,14.9,2.4
19179,80.5,2.39
19181,90.1,2.58
19183,39.7,2.45
19185,12.2,2.38
19187,52.3,2.27
19189,27,2.26
19191,30.4,2.35
19193,120.3,2.55
19195,19.2,2.37
19197,22.2,2.32
20001,25.7,2.37
20003,13.6,2.45
20005,38.3,2.49
20007,4.2,2.25
20009,29.8,2.39
20011,23,2.47
20013,16.9,2.41
20015,47.7,2.65
20017,3.6,2.3
20019,5.4,2.23
20021,35.6,2.48
20023,2.6,2.12
20025,2.1,2.34
20027,12.6,2.36
20029,12.9,2.31
20031,13.3,2.42
20033,2.4,2.22
20035,31.5,2.46
20037,66,2.38
20039,3.2,2.09
20041,23,2.41
20043,19.9,2.4
20045,258,2.34
20047,4.8,2.31
20049,4.5,2.21
20051,32.4,2.3
20053,8.8,2.24
20055,28.6,2.93
20057,31.9,2.97
20059,45.3,2.53
20061,88.9,2.64
20063,2.4,2.29
20065,2.9,2.14
20067,13.4,2.85
20069,7.1,2.75
20071,1.6,2.33
20073,5.3,2.21
20075,2.6,2.54
20077,7.3,2.32
20079,65.6,2.49
20081,7.1,2.8
20083,2.2,2.37
20085,20.4,2.55
20087,34.8,2.56
20089,3.1,2.1
20091,1253.7,2.53
20093,4.5,2.78
20095,8.8,2.38
20097,3.5,2.37
20099,32.2,2.39
20101,2.3,2.19
20103,175.2,2.63
20105,4.2,2.24
20107,16.6,2.39
20109,2.6,2.23
20111,39.8,2.42
20113,33.1,2.41
20115,13.1,2.39
20117,10.9,2.31
20119,4.5,2.6
20121,57.2,2.64
20123,8.6,2.2
20125,51.3,2.39
20127,8.1,2.29
20129,4.4,2.52
20131,14.5,2.41
20133,28.2,2.42
20135,2.8,2.22
20137,6.4,2.24
20139,22.3,2.46
20141,4.2,2.16
20143,8.2,2.44
20145,9,2.23
20147,6.1,2.29
20149,29.1,2.7
20151,12.9,2.34
20153,2.3,2.11
20155,50.1,2.38
20157,6.7,2.14
20159,13.7,2.42
20161,121.3,2.4
20163,5.7,2.28
20165,4.4,2.14
20167,7.9,2.17
20169,77.3,2.42
20171,7.1,2.44
20173,520.6,2.54
20175,35.5,3.01
20177,324.5,2.39
20179,2.8,2.3
20181,5.5,2.27
20183,4.2,2.17
20185,5.4,2.29
20187,3.1,2.65
20189,7.9,2.77
20191,19.8,2.51
20193,7.4,2.36
20195,3.2,2.16
20197,8.9,2.54
20199,1.6,2.36
20201,6.3,2.3
20203,3.2,2.48
20205,15.5,2.36
20207,6.2,2.15
20209,1070.9,2.67
21001,47.5,2.42
21003,59.3,2.52
21005,110.6,2.55
21007,29.9,2.39
21009,89.2,2.44
21011,44.5,2.5
21013,77.1,2.35
21015,511.3,2.73
21017,70.1,2.48
21019,300.5,2.39
21021,166.2,2.36
21023,40.7,2.55
21025,27.3,2.47
21027,35.1,2.52
21029,271.8,2.67
21031,30.3,2.47
21033,36.1,2.38
21035,94.8,2.2
21037,596.6,2.42
21039,24.6,2.38
21041,79.8,2.58
21043,68.4,2.52
21045,36.1,2.44
21047,103.9,2.62
21049,142.6,2.46
21051,44.3,2.52
21053,49.9,2.33
21055,24.7,2.41
21057,22.3,2.35
21059,214.5,2.44
21061,41,2.44
21063,33.5,2.45
21065,56.9,2.43
21067,1132.6,2.3
21069,41.6,2.5
21071,109.1,2.41
21073,242.4,2.29
21075,28.3,2.22
21077,84.5,2.69
21079,74.6,2.52
21081,97.6,2.81
21083,66.8,2.44
21085,51.6,2.48
21087,38.4,2.42
21089,103.4,2.48
21091,44.8,2.58
21093,178,2.57
21095,65.9,2.43
21097,61.4,2.53
21099,45.9,2.53
21101,99.2,2.41
21103,54.9,2.57
21105,18.5,2.31
21107,84.3,2.41
21109,39.6,2.44
21111,1939.6,2.35
21113,306.6,2.65
21115,90.3,2.44
21117,1026.8,2.51
21119,47.6,2.44
21121,85.4,2.46
21123,55.2,2.47
21125,136.5,2.53
21127,38,2.52
21129,35.4,2.36
21131,28.3,2.43
21133,76,2.42
21135,28.3,2.5
21137,74.4,2.51
21139,27.6,2.37
21141,48.9,2.49
21143,32.6,2.19
21145,249.1,2.28
21147,42.3,2.5
21149,37.3,2.47
21151,206.2,2.42
21153,45.3,2.49
21155,56.1,2.52
21157,94.4,2.37
21159,57.5,2.5
21161,71.8,2.45
21163,88.8,2.71
21165,31.9,2.49
21167,86.3,2.44
21169,35.2,2.46
21171,32.1,2.4
21173,139.7,2.51
21175,35.5,2.46
21177,65.7,2.45
21179,109.6,2.55
21181,36.4,2.51
21183,41.5,2.56
21185,342.7,2.87
21187,30.8,2.52
21189,23.6,2.44
21191,52.4,2.67
21193,88.5,2.48
21195,86.5,2.39
21197,69.6,2.57
21199,95,2.41
21201,22.1,2.47
21203,53.7,2.48
21205,86.9,2.36
21207,63.7,2.35
21209,196.4,2.63
21211,122.5,2.64
21213,78.3,2.52
21215,97.5,2.75
21217,92.5,2.39
21219,33.4,2.64
21221,30.1,2.42
21223,55.2,2.56
21225,41,2.46
21227,236.9,2.46
21229,40.2,2.51
21231,42.6,2.37
21233,40.3,2.51
21235,82.9,2.51
21237,33.6,2.36
21239,139.6,2.51
22001,98.3,2.66
22003,35.3,2.53
22005,415.9,2.82
22007,66,2.66
22009,49.6,2.51
22011,32.4,2.61
22013,17.2,2.4
22015,153.4,2.54
22017,272.3,2.44
22019,187.9,2.55
22021,19.5,2.45
22023,4.5,2.66
22025,13.8,2.49
22027,21.8,2.37
22029,27.3,2.54
22031,31.4,2.5
22033,977.4,2.49
22035,17.1,2.62
22037,44.3,2.55
22039,51.6,2.54
22041,33.5,2.53
22043,34.7,2.58
22045,118.5,2.7
22047,55.7,2.66
22049,28.3,2.43
22051,841.9,2.53
22053,50.4,2.64
22055,935.7,2.49
22057,88.4,2.67
22059,23.2,2.5
22061,102.7,2.38
22063,206.5,2.76
22065,18.9,2.61
22067,33.2,2.51
22069,31.3,2.39
22071,1124.5,2.33
22073,255.4,2.52
22075,24.8,2.82
22077,41.2,2.5
22079,101.7,2.52
22081,21.7,2.57
22083,37.5,2.61
22085,25.4,2.47
22087,69.8,2.69
22089,136.1,2.81
22091,28.8,2.56
22093,89.3,2.84
22095,133.2,2.85
22097,91.8,2.58
22099,68.5,2.68
22101,83.2,2.63
22103,238.4,2.66
22105,164.8,2.6
22107,8.2,2.41
22109,78.6,2.75
22111,25.9,2.44
22113,47.3,2.63
22115,39.5,2.61
22117,71.1,2.52
22119,67,2.42
22121,135.6,2.67
22123,31.9,2.51
22125,37.7,2.6
22127,15.6,2.48
23001,221.9,2.37
23003,10.3,2.26
23005,328.4,2.32
23007,17.2,2.28
23009,32.8,2.2
23011,128.5,2.32
23013,108.9,2.22
23015,75.6,2.24
23017,27.7,2.35
23019,44.3,2.33
23021,3.9,2.21
23023,135.7,2.32
23025,12.6,2.35
23027,54,2.33
23029,11.9,2.24
23031,207.8,2.4
24001,170.1,2.3
24003,1401.8,2.63
24005,1382.5,2.48
24009,428.6,2.85
24011,103.9,2.68
24013,380.5,2.74
24015,295.2,2.7
24017,355.2,2.83
24019,57.7,2.37
24021,383.9,2.7
24023,46.7,2.45
24025,580.1,2.68
24027,1289.9,2.72
24029,71.3,2.29
24031,2077.2,2.7
24033,1888.3,2.78
24035,137.8,2.63
24037,316.2,2.72
24039,80.2,2.37
24041,141.3,2.31
24043,323.7,2.5
24045,275.3,2.53
24047,104,2.28
24510,7533.6,2.38
25001,544.1,2.21
25003,136.5,2.23
25005,983.9,2.5
25007,159.7,2.22
25009,1519.1,2.54
25011,98.3,2.29
25013,750.4,2.49
25015,303.5,2.34
25017,1903.3,2.49
25019,225.6,2.39
25021,1729.7,2.53
25023,766.1,2.67
25025,13135.8,2.3
25027,531,2.55
26001,14.9,2.13
26003,10.1,2.2
26005,141.5,2.63
26007,49,2.27
26009,46.4,2.36
26011,42,2.34
26013,9.4,2.28
26015,105.8,2.6
26017,235.8,2.38
26019,52.3,2.37
26021,269.5,2.43
26023,84.5,2.56
26025,187.1,2.44
26027,102.8,2.51
26029,58.5,2.36
26031,32.3,2.31
26033,23.8,2.34
26035,52.9,2.36
26037,138.9,2.6
26039,24.3,2.31
26041,31.1,2.28
26043,33.3,2.26
26045,190.6,2.44
26047,69.7,2.37
26049,631.8,2.48
26051,49.3,2.36
26053,13.5,2.11
26055,192.6,2.39
26057,72.9,2.49
26059,76.3,2.53
26061,36,2.38
26063,37.9,2.27
26065,521.5,2.36
26067,113,2.64
26069,44.6,2.17
26071,10.1,2.06
26073,127.3,2.49
26075,220.7,2.48
26077,454.5,2.4
26079,30.5,2.44
26081,748,2.6
26083,3.9,2.12
26085,19.9,2.16
26087,134.9,2.64
26089,59.9,2.31
26091,131.6,2.52
26093,330.9,2.67
26095,7.2,2.25
26097,10.1,2.19
26099,1819.4,2.51
26101,45.2,2.27
26103,35.5,2.26
26105,57.5,2.37
26107,76.4,2.45
26109,22.6,2.26
26111,160.9,2.46
26113,26.1,2.51
26115,274.8,2.59
26117,88.8,2.57
26119,15.8,2.18
26121,332.9,2.53
26123,57.1,2.6
26125,1382.2,2.46
26127,48.8,2.58
26129,36.3,2.31
26131,4.7,2.06
26133,41,2.5
26135,14.4,2.27
26137,47.3,2.44
26139,501,2.73
26141,18.8,2.2
26143,41.6,2.11
26145,237.4,2.44
26147,222.2,2.52
26149,117.8,2.6
26151,43.8,2.48
26153,6.7,2.22
26155,128.6,2.54
26157,66.5,2.52
26159,122,2.61
26161,512.3,2.38
26163,2865.6,2.56
26165,58.7,2.48
27001,8.1,2.18
27003,795,2.7
27005,24.2,2.42
27007,15.5,2.51
27009,98.9,2.48
27011,9.8,2.24
27013,90.8,2.43
27015,42.4,2.3
27017,42.2,2.47
27019,280.6,2.74
27021,12.7,2.37
27023,21.2,2.33
27025,129.4,2.68
27027,63.1,2.48
27029,8.7,2.43
27031,3.4,2.05
27033,17.9,2.36
27035,57.6,2.37
27037,727.4,2.6
27039,48.3,2.67
27041,54.2,2.32
27043,19.7,2.28
27045,25.1,2.4
27047,42.8,2.32
27049,60.7,2.42
27051,10.8,2.27
27053,2070.7,2.37
27055,34,2.39
27057,21.2,2.34
27059,89.5,2.67
27061,15.9,2.35
27063,14.1,2.29
27065,30,2.49
27067,50.4,2.46
27069,4.1,2.24
27071,4.1,2.23
27073,8.8,2.25
27075,4.8,2.21
27077,2.2,2.24
27079,59.3,2.55
27081,10.7,2.24
27083,36.5,2.42
27085,72.8,2.47
27087,9.4,2.64
27089,5.2,2.35
27091,27.7,2.27
27093,36.9,2.5
27095,39.4,2.52
27097,29.9,2.5
27099,55.3,2.43
27101,11.9,2.3
27103,73.9,2.46
27105,30.3,2.64
27107,7.8,2.34
27109,244.2,2.48
27111,27,2.33
27113,23.6,2.33
27115,20.7,2.46
27117,20.2,2.32
27119,16.3,2.38
27121,16.2,2.28
27123,3199.6,2.42
27125,9.6,2.33
27127,17.8,2.38
27129,15.5,2.34
27131,129.6,2.55
27133,20.4,2.41
27135,9.6,2.45
27137,30.2,2.25
27139,400.6,2.85
27141,214,2.86
27143,25.9,2.49
27145,116.6,2.53
27147,87.1,2.51
27149,17.3,2.37
27151,12.7,2.27
27153,25.7,2.52
27155,6,2.27
27157,39.7,2.43
27159,26.2,2.34
27161,44,2.44
27163,613.4,2.67
27165,25.2,2.45
27167,8.6,2.39
27169,81.8,2.4
27171,192,2.78
27173,13.4,2.36
28001,64.7,2.37
28003,93.2,2.44
28005,17.2,2.43
28007,26,2.52
28009,21.1,2.54
28011,36.6,2.56
28013,25.1,2.46
28015,17,2.45
28017,34.8,2.59
28019,20,2.45
28021,19.7,2.53
28023,23.5,2.48
28025,48,2.53
28027,43.1,2.69
28029,37.5,2.65
28031,48.7,2.6
28033,364.3,2.78
28035,161.3,2.48
28037,14.2,2.51
28039,49.5,2.76
28041,19.1,2.64
28043,48.5,2.47
28045,101.5,2.5
28047,351.4,2.54
28049,275.5,2.6
28051,25.6,2.69
28053,20.4,2.75
28055,3.2,2.45
28057,44.4,2.53
28059,194.3,2.65
28061,25.4,2.5
28063,14.2,2.5
28065,30.7,2.49
28067,97.7,2.61
28069,14.4,2.49
28071,83.1,2.31
28073,118.7,2.57
28075,110.3,2.46
28077,30.9,2.55
28079,38.1,2.65
28081,189.9,2.55
28083,49.5,2.59
28085,59.7,2.57
28087,117.3,2.49
28089,148.5,2.61
28091,47.3,2.6
28093,52.3,2.65
28095,47.6,2.53
28097,25.3,2.44
28099,51.6,2.7
28101,37.6,2.57
28103,16.1,2.64
28105,110.2,2.3
28107,49.8,2.68
28109,69.6,2.63
28111,19.1,2.6
28113,98.1,2.57
28115,63.9,2.66
28117,60.8,2.49
28119,19.7,2.64
28121,189.2,2.57
28123,47.7,2.74
28125,10.9,2.62
28127,46.1,2.6
28129,27.3,2.63
28131,40.7,2.68
28133,40,2.81
28135,23.3,2.67
28137,71.1,2.75
28139,49.1,2.55
28141,44.9,2.37
28143,22.2,2.72
28145,68.9,2.6
28147,36.9,2.6
28149,77.5,2.55
28151,62.7,2.67
28153,25.7,2.54
28155,23.6,2.51
28157,14.2,2.52
28159,30,2.51
28161,25.9,2.42
28163,29.6,2.71
29001,45,2.3
29003,40,2.55
29005,9.9,2.24
29007,37.4,2.44
29009,45.8,2.51
29011,20.2,2.5
29013,19.5,2.48
29015,25.7,2.23
29017,19.7,2.52
29019,262.7,2.4
29021,212.8,2.45
29023,61.9,2.38
29025,21.6,2.51
29027,53.8,2.48
29029,61.3,2.27
29031,137.2,2.41
29033,12.9,2.38
29035,12.5,2.43
29037,149.7,2.65
29039,28.9,2.37
29041,9.8,2.35
29043,153,2.64
29045,13.3,2.4
29047,592.4,2.51
29049,50,2.55
29051,196.5,2.39
29053,31.3,2.45
29055,33.6,2.48
29057,15.6,2.37
29059,30.4,2.54
29061,15.4,2.58
29063,30.1,2.43
29065,20.7,2.44
29067,16.6,2.43
29069,56.5,2.44
29071,113.7,2.57
29073,28.6,2.4
29075,13.5,2.45
29077,436.4,2.31
29079,23,2.36
29081,12,2.4
29083,29.6,2.34
29085,22.7,2.19
29087,9.8,2.26
29089,21.3,2.37
29091,43.6,2.46
29093,20.7,2.37
29095,1155.2,2.41
29097,196.2,2.52
29099,342.9,2.65
29101,65,2.53
29103,7.9,2.37
29105,47,2.5
29107,52.4,2.51
29109,64.3,2.56
29111,20.1,2.43
29113,88.4,2.75
29115,20.1,2.38
29117,28.7,2.36
29119,46.5,2.73
29121,18.6,2.38
29123,25.2,2.46
29125,17.3,2.46
29127,66,2.41
29129,8.3,2.39
29131,42.7,2.47
29133,32.4,2.41
29135,38.7,2.58
29137,12.9,2.39
29139,21.8,2.43
29141,34.1,2.4
29143,26.7,2.41
29145,94.4,2.6
29147,26.2,2.31
29149,13.7,2.38
29151,23.5,2.53
29153,12.6,2.29
29155,33.6,2.46
29157,41.4,2.54
29159,61.8,2.52
29161,68.7,2.4
29163,27.2,2.49
29165,233.7,2.45
29167,49.7,2.54
29169,97.8,2.64
29171,9.5,2.31
29173,21.2,2.47
29175,51.8,2.46
29177,41,2.59
29179,8.5,2.37
29181,22.6,2.49
29183,686.6,2.64
29185,14.3,2.31
29186,35.8,2.54
29187,150.4,2.45
29189,1933.1,2.42
29195,30.4,2.46
29197,14.3,2.44
29199,11.1,2.54
29201,94,2.49
29203,8.6,2.42
29205,12.3,2.39
29207,36.5,2.39
29209,63.3,2.33
29211,9.6,2.41
29213,84.7,2.41
29215,22.3,2.4
29217,25.1,2.42
29219,78.7,2.61
29221,33.2,2.58
29223,19.2,2.34
29225,65.6,2.7
29227,8,2.24
29229,26.9,2.48
29510,4777.6,2.16
30001,1.7,2.19
30003,2.6,3.18
30005,1.5,2.66
30007,4.6,2.37
30009,5.2,2.19
30011,0.4,2.16
30013,30.6,2.33
30015,1.4,2.48
30017,3.2,2.24
30019,1.2,2.14
30021,3.9,2.26
30023,12.5,2.11
30025,1.9,2.32
30027,2.7,2.18
30029,19.4,2.4
30031,41.6,2.36
30033,0.3,2.27
30035,4.4,2.91
30037,0.7,2.19
30039,2,2.14
30041,5.7,2.47
30043,7.2,2.48
30045,1.1,2.24
30047,18.2,2.46
30049,19.7,2.3
30051,1.6,2.36
30053,5.4,2.2
30055,0.6,2.22
30057,2.2,2.11
30059,0.8,2.13
30061,3.4,2.2
30063,45.8,2.3
30065,2.4,2.19
30067,5.9,2.12
30069,0.3,2.2
30071,0.8,2.27
30073,3.7,2.41
30075,0.5,2.26
30077,2.9,2.23
30079,0.7,2.1
30081,18,2.35
30083,5.5,2.33
30085,4.6,2.88
30087,1.8,2.7
30089,4.2,2.19
30091,2.1,2.08
30093,49,2.22
30095,5.1,2.37
30097,1.9,2.27
30099,2.6,2.29
30101,2.8,2.26
30103,0.7,2.14
30105,1.5,2.26
30107,1.5,2.28
30109,1.2,2.17
30111,62.6,2.38
31001,57.4,2.39
31003,7.6,2.33
31005,0.7,2.46
31007,0.9,2.35
31009,0.7,2.44
31011,8,2.32
31013,10.4,2.35
31015,3.6,2.2
31017,2.4,2.14
31019,52,2.43
31021,13.6,2.32
31023,13.7,2.42
31025,46.8,2.57
31027,11.8,2.46
31029,4.4,2.32
31031,1,2.24
31033,8.6,2.3
31035,11.1,2.43
31037,25.1,2.88
31039,15.8,2.4
31041,4.3,2.29
31043,78.9,2.88
31045,6.5,2.19
31047,23.7,2.7
31049,4.3,2.21
31051,12.2,2.5
31053,69.1,2.38
31055,1679.4,2.49
31057,2.1,2.19
31059,10.4,2.28
31061,5.3,2.25
31063,2.7,2.26
31065,6.8,2.23
31067,26,2.31
31069,1.2,2.1
31071,3.6,2.16
31073,4.5,2.36
31075,0.8,2.21
31077,4.3,2.32
31079,113.8,2.59
31081,17.4,2.53
31083,6,2.22
31085,1.3,2.34
31087,3.9,2.22
31089,4.3,2.31
31091,1,2.18
31093,11.5,2.38
31095,12.7,2.22
31097,14,2.31
31099,12.8,2.39
31101,7.4,2.22
31103,1.1,2.16
31105,3.9,2.26
31107,7.7,2.32
31109,377.4,2.4
31111,14.1,2.37
31113,1.4,2.35
31115,1.1,2.3
31117,0.6,2.55
31119,61.2,2.43
31121,16.1,2.43
31123,3.5,2.38
31125,8.2,2.36
31127,17.2,2.29
31129,7.6,2.14
31131,26.4,2.42
31133,6.3,2.22
31135,3.3,2.36
31137,17.4,2.37
31139,12.7,2.46
31141,48.6,2.51
31143,11.9,2.39
31145,15,2.29
31147,14.6,2.21
31149,1.5,2.18
31151,25.3,2.57
31153,754.6,2.71
31155,28.8,2.54
31157,49.6,2.42
31159,30.6,2.47
31161,2.2,2.25
31163,5.5,2.22
31165,0.6,2.27
31167,14.5,2.57
31169,9,2.21
31171,1,2.22
31173,18.2,3.19
31175,7.5,2.19
31177,53.6,2.54
31179,21.6,2.38
31181,6.5,2.28
31183,1.4,2.34
31185,24.1,2.32
32001,5,2.53
32003,274.4,2.7
32005,67.4,2.38
32007,3.2,2.77
32009,0.2,2.01
32011,0.5,2.38
32013,1.8,2.6
32015,1.1,2.6
32017,0.5,2.57
32019,27.8,2.61
32021,1.2,2.11
32023,2.6,2.42
32027,1.1,2.51
32029,15.7,2.3
32031,72.1,2.55
32033,1.1,2.37
32510,353.6,2.41
33001,135.5,2.39
33003,49.7,2.25
33005,106.9,2.4
33007,18.1,2.23
33009,52.5,2.28
33011,467.4,2.53
33013,159.9,2.46
33015,437.7,2.54
33017,344.7,2.44
33019,80.9,2.37
34001,486.6,2.61
34003,3966.4,2.66
34005,561.2,2.62
34007,2299.4,2.65
34009,361.1,2.32
34011,310.3,2.79
34013,6329.2,2.68
34015,912.3,2.72
34017,14724.8,2.54
34019,293.2,2.62
34021,1639.7,2.61
34023,2719.1,2.8
34025,1337.9,2.66
34027,1052.8,2.68
34029,941.3,2.58
34031,2614.3,2.94
34033,186.5,2.56
34035,1118.6,2.71
34037,274.1,2.69
34039,5432.8,2.82
34041,300.8,2.57
35001,591.4,2.45
35003,0.5,2.03
35005,10.9,2.7
35006,5.8,2.79
35007,3.4,2.22
35009,37.8,2.63
35011,0.9,2.21
35013,58,2.71
35015,14.1,2.59
35017,7.9,2.3
35019,1.6,2.33
35021,0.3,1.99
35023,1.4,2.49
35025,16.4,2.82
35027,4.4,2.21
35028,165.4,2.33
35029,8.4,2.56
35031,13.4,3.22
35033,2.4,2.31
35035,9.9,2.51
35037,3,2.21
35039,6.7,2.53
35041,8,2.57
35043,39.7,2.75
35045,24.3,2.89
35047,6.2,2.34
35049,79.5,2.28
35051,2.7,1.98
35053,2.7,2.46
35055,14.8,2.19
35057,4.8,2.52
35059,1.1,2.29
35061,72.7,2.73
36001,595.5,2.27
36003,45.8,2.44
36005,34992.6,2.77
36007,276.8,2.32
36009,59.8,2.41
36011,108.3,2.41
36013,120.4,2.37
36015,212.2,2.37
36017,56.1,2.43
36019,74.2,2.37
36021,98.9,2.35
36023,98,2.45
36025,32.1,2.29
36027,365.4,2.57
36029,887.6,2.32
36031,20,2.26
36033,30.5,2.37
36035,104,2.4
36037,119.9,2.45
36039,75,2.31
36041,2.5,2.1
36043,43.4,2.4
36045,92.4,2.53
36047,38552.1,2.69
36049,21.4,2.55
36051,102.4,2.44
36053,110.3,2.46
36055,1136.3,2.39
36057,122.8,2.43
36059,4748.6,2.94
36061,72859.7,1.99
36063,405.9,2.34
36065,188.4,2.38
36067,589.7,2.4
36069,171.4,2.43
36071,469.6,2.86
36073,106.9,2.5
36075,120.3,2.52
36077,60.8,2.31
36079,409.4,2.77
36081,21704,2.82
36083,245.9,2.38
36085,8343,2.78
36087,1840.9,3.07
36089,40.6,2.43
36091,280,2.44
36093,748.9,2.39
36095,51.8,2.37
36097,53.8,2.39
36099,90.1,2.42
36101,69.5,2.41
36103,1637.9,2.93
36105,78.6,2.45
36107,95.7,2.49
36109,217.4,2.27
36111,159.4,2.4
36113,72.2,2.32
36115,75.3,2.49
36117,152.4,2.53
36119,2173.8,2.65
36121,69.5,2.46
36123,66.8,2.53
37001,380,2.45
37003,143.9,2.5
37005,47.8,2.31
37007,49.7,2.51
37009,64.4,2.29
37011,70.7,2.31
37013,58.9,2.37
37015,31.3,2.39
37017,39.1,2.4
37019,153.3,2.3
37021,403.5,2.3
37023,176.7,2.45
37025,574.1,2.69
37027,174.7,2.46
37029,43.9,2.71
37031,137.9,2.27
37033,55.2,2.43
37035,385.9,2.5
37037,106.3,2.43
37039,62.2,2.3
37041,84.8,2.4
37043,51.2,2.25
37045,211.9,2.49
37047,60.1,2.45
37049,144.3,2.45
37051,503.3,2.53
37053,104.7,2.64
37055,94.5,2.36
37057,299.3,2.5
37059,161.1,2.52
37061,73.2,2.57
37063,1073.7,2.35
37065,106.6,2.54
37067,916.7,2.41
37069,135.5,2.56
37071,616.1,2.54
37073,34.4,2.6
37075,30.5,2.37
37077,111.5,2.57
37079,80.5,2.6
37081,802.4,2.41
37083,72.4,2.42
37085,221.3,2.68
37087,112.8,2.28
37089,316.5,2.32
37091,68.5,2.4
37093,136.5,2.8
37095,8.1,2.35
37097,302.4,2.58
37099,85.3,2.23
37101,249.7,2.7
37103,21.8,2.41
37105,230.7,2.58
37107,145,2.39
37109,276.1,2.56
37111,104.8,2.43
37113,67.6,2.29
37115,49.3,2.32
37117,51.4,2.36
37119,2000.5,2.49
37121,70,2.3
37123,55,2.53
37125,141.9,2.33
37127,177.2,2.48
37129,1150.1,2.28
37131,40.8,2.32
37133,261.7,2.66
37135,356.3,2.41
37137,41.3,2.27
37139,177.5,2.51
37141,70.6,2.51
37143,54.8,2.39
37145,100,2.47
37147,272.6,2.39
37149,89,2.24
37151,186.3,2.54
37153,96.3,2.47
37155,142.9,2.71
37157,162.6,2.39
37159,275.4,2.52
37161,120.9,2.42
37163,68.1,2.6
37165,112.4,2.53
37167,154.9,2.48
37169,102.6,2.42
37171,136.1,2.43
37173,27.3,2.42
37175,93.6,2.22
37177,11,2.37
37179,369.2,2.94
37181,166.9,2.56
37183,1274.8,2.55
37185,46.8,2.38
37187,33.1,2.37
37189,176.8,2.24
37191,226.2,2.5
37193,93.3,2.41
37195,223.7,2.49
37197,113,2.46
37199,58.9,2.31
38001,2.3,2.09
38003,7.2,2.19
38005,4.6,2.98
38007,0.8,2.16
38009,3.9,2.17
38011,2.9,2.22
38013,2,2.15
38015,59.7,2.31
38017,104.6,2.27
38019,2.5,2.15
38021,4.4,2.29
38023,1.9,2.05
38025,2.2,2.43
38027,3.6,2.18
38029,2.2,2.19
38031,5,2.2
38033,1.8,2.1
38035,51.7,2.28
38037,1.4,2.1
38039,3.3,2.1
38041,2.2,2.19
38043,1.7,2.3
38045,3.6,2.23
38047,2,2.28
38049,3.1,2.25
38051,2.7,2.07
38053,5.4,2.58
38055,4.3,2.25
38057,8.1,2.29
38059,17.3,2.38
38061,5.2,2.55
38063,3.1,2.07
38065,2.6,2.44
38067,6.4,2.23
38069,4,2.23
38071,8.8,2.21
38073,6.3,2.28
38075,2.8,2.28
38077,11.3,2.31
38079,15.3,2.89
38081,4.6,2.26
38083,1.3,2.05
38085,3.8,3.55
38087,0.6,2.23
38089,25.6,2.31
38091,2.7,2.29
38093,9.4,2.17
38095,2.1,2.1
38097,9.4,2.29
38099,8.4,2.27
38101,35.9,2.36
38103,3.2,2.1
38105,19.7,2.35
39001,48,2.53
39003,260.3,2.47
39005,127.1,2.53
39007,140.2,2.5
39009,131.9,2.35
39011,116.3,2.53
39013,127.6,2.32
39015,90.4,2.6
39017,825.5,2.63
39019,70.8,2.5
39021,92,2.56
39023,334.9,2.45
39025,452.1,2.61
39027,103.4,2.52
39029,195.1,2.43
39031,64.8,2.49
39033,105.9,2.39
39035,2722.7,2.29
39037,86.9,2.5
39039,92.9,2.51
39041,443.8,2.74
39043,296.1,2.37
39045,307.8,2.64
39047,71.1,2.49
39049,2381.3,2.38
39051,106,2.61
39053,63.8,2.49
39055,233.6,2.7
39057,399.5,2.43
39059,75.4,2.44
39061,1987.5,2.34
39063,143.6,2.42
39065,67.5,2.53
39067,40.2,2.4
39069,66.9,2.55
39071,77.8,2.58
39073,67.7,2.52
39075,104.2,3.31
39077,120.1,2.59
39079,77.9,2.53
39081,164.7,2.32
39083,117.7,2.54
39085,1006.5,2.41
39087,134,2.47
39089,255.1,2.55
39091,98.8,2.51
39093,628.4,2.51
39095,1258.8,2.39
39097,95.3,2.59
39099,536.7,2.34
39101,163.5,2.47
39103,429.6,2.63
39105,54.4,2.46
39107,87.3,2.6
39109,262.1,2.48
39111,32,2.39
39113,1146.1,2.33
39115,35.8,2.46
39117,86.8,2.68
39119,128.2,2.46
39121,36.3,2.47
39123,157.1,2.34
39125,45.7,2.51
39127,87.8,2.63
39129,115.7,2.61
39131,64.1,2.56
39133,329.5,2.47
39135,98.5,2.56
39137,71.3,2.66
39139,244.3,2.4
39141,112.2,2.48
39143,145.6,2.48
39145,125.2,2.46
39147,101.5,2.49
39149,120.7,2.64
39151,652.2,2.42
39153,1301.5,2.39
39155,317.5,2.4
39157,163,2.47
39159,132.5,2.73
39161,70.1,2.48
39163,31.9,2.54
39165,574.9,2.7
39167,95.5,2.34
39169,211.1,2.61
39171,89,2.43
39173,212.1,2.43
39175,54.6,2.46
40001,38.9,2.77
40003,6.6,2.27
40005,15,2.49
40007,3.2,2.55
40009,25.4,2.48
40011,10.7,2.46
40013,49.2,2.45
40015,23.7,2.6
40017,155.4,2.66
40019,59.4,2.51
40021,64.1,2.52
40023,18.8,2.4
40025,1.3,2.36
40027,519.9,2.49
40029,11.5,2.5
40031,115.7,2.53
40033,9.5,2.47
40035,19.7,2.46
40037,75.2,2.6
40039,29.4,2.43
40041,54.1,2.41
40043,4.8,2.43
40045,3.4,2.3
40047,59.2,2.43
40049,35.2,2.46
40051,51.1,2.58
40053,4.6,2.33
40055,9.4,2.34
40057,5.5,2.54
40059,3.5,2.39
40061,21.3,2.52
40063,16.8,2.46
40065,32.2,2.51
40067,8.2,2.4
40069,17.4,2.47
40071,47.9,2.44
40073,17.9,2.6
40075,8.9,2.33
40077,15,2.51
40079,32.2,2.58
40081,37.3,2.56
40083,62.6,2.6
40085,19.9,2.51
40087,70,2.66
40089,17.5,2.52
40091,28.8,2.35
40093,8.3,2.4
40095,39.7,2.45
40097,62,2.54
40099,33.5,2.46
40101,84.7,2.49
40103,15.6,2.45
40105,18.5,2.46
40107,20.1,2.52
40109,1130.1,2.45
40111,56.9,2.52
40113,21,2.53
40115,65.6,2.5
40117,28.3,2.53
40119,119.1,2.31
40121,32.9,2.41
40123,53.8,2.44
40125,91.8,2.56
40127,8,2.38
40129,3.2,2.47
40131,132.8,2.69
40133,39.7,2.55
40135,60.9,2.59
40137,49.4,2.46
40139,10.3,2.78
40141,8.9,2.4
40143,1129.4,2.46
40145,135.3,2.71
40147,123.8,2.39
40149,11.4,2.48
40151,7.2,2.23
40153,16.9,2.46
41001,5.3,2.24
41003,136.3,2.35
41005,219.9,2.56
41007,41.9,2.29
41009,74.8,2.55
41011,40.6,2.29
41013,7.7,2.42
41015,14.8,2.12
41017,61.1,2.44
41019,22.2,2.38
41021,1.5,2.14
41023,1.6,2.19
41025,0.7,2.28
41027,45.3,2.64
41029,79.5,2.4
41031,13.3,2.68
41033,53.9,2.34
41035,11.2,2.4
41037,1,2.2
41039,81.5,2.35
41041,49.6,2.2
41043,54.6,2.55
41045,3.1,2.69
41047,283.6,2.7
41049,5.8,2.85
41051,1758.4,2.35
41053,111.4,2.6
41055,2.1,2.27
41057,23.7,2.29
41059,24.1,2.67
41061,13.3,2.38
41063,2.4,2.2
41065,11.1,2.44
41067,824.4,2.6
41069,0.9,2.18
41071,148.8,2.7
42001,201.9,2.56
42003,1660.7,2.23
42005,101,2.38
42007,379.8,2.34
42009,48.4,2.43
42011,486.2,2.59
42013,239.7,2.37
42015,53.2,2.45
42017,1021.2,2.63
42019,241.9,2.45
42021,196.2,2.3
42023,11.7,2.2
42025,166.1,2.42
42027,149.5,2.38
42029,692.9,2.65
42031,64.5,2.37
42033,70.9,2.37
42035,44,2.42
42037,137.4,2.38
42039,83.8,2.42
42041,465.2,2.37
42043,497.5,2.37
42045,3073.2,2.57
42047,37.1,2.31
42049,346.4,2.42
42051,169.6,2.36
42053,17.4,2.08
42055,201.9,2.52
42057,34.4,2.45
42059,65.2,2.42
42061,51.6,2.39
42063,104.8,2.39
42065,67.9,2.39
42067,63.9,2.57
42069,466,2.37
42071,558.2,2.62
42073,244.1,2.39
42075,391.6,2.49
42077,1056,2.54
42079,353.1,2.34
42081,93.3,2.37
42083,42.7,2.34
42085,167.3,2.37
42087,114.8,2.46
42089,278.6,2.72
42091,1718.7,2.53
42093,142.3,2.36
42095,820.2,2.53
42097,194.9,2.32
42099,84.5,2.53
42101,11308.4,2.45
42103,99.9,2.59
42105,15.8,2.39
42107,186.6,2.35
42109,124.6,2.53
42111,69.8,2.35
42113,13.6,2.16
42115,50.8,2.42
42117,36.7,2.39
42119,143.2,2.43
42121,77.7,2.37
42123,45.5,2.31
42125,247.3,2.37
42127,73.7,2.38
42129,347.7,2.32
42131,68.9,2.46
42133,497.7,2.53
44001,1990.3,2.44
44003,959.3,2.4
44005,781.7,2.27
44007,1483.4,2.48
44009,368,2.45
45001,49.9,2.45
45003,159,2.45
45005,24.8,2.45
45007,266.5,2.5
45009,39.4,2.44
45011,39.3,2.5
45013,302.3,2.42
45015,176.5,2.66
45017,38.5,2.47
45019,416.8,2.36
45021,145.5,2.54
45023,56.5,2.56
45025,58.1,2.52
45027,50.5,2.54
45029,36.3,2.54
45031,120.6,2.54
45033,77.4,2.65
45035,277.6,2.68
45037,54.6,2.56
45039,33.7,2.5
45041,175.5,2.54
45043,75.3,2.43
45045,646,2.49
45047,153.5,2.43
45049,39.6,2.57
45051,293,2.37
45053,45.8,2.73
45055,89,2.56
45057,167.6,2.51
45059,94.3,2.51
45061,44.6,2.54
45063,391.7,2.53
45065,26.9,2.22
45067,65.5,2.52
45069,56.6,2.47
45071,60.2,2.47
45073,115.4,2.4
45075,80.3,2.49
45077,247.7,2.48
45079,542.5,2.43
45081,44.1,2.61
45083,380.6,2.53
45085,160.3,2.59
45087,54.6,2.38
45089,35,2.53
45091,384.5,2.59
46003,3.9,2.37
46005,14.3,2.31
46007,2.9,3.11
46009,12.2,2.24
46011,44.3,2.36
46013,23,2.27
46015,6.5,2.4
46017,4.1,3.59
46019,4.5,2.4
46021,1.8,2.11
46023,8.2,2.63
46025,3.9,2.22
46027,34.2,2.28
46029,40,2.35
46031,1.6,3.21
46033,5.8,2.19
46035,47.2,2.26
46037,5.2,2.22
46039,6.9,2.37
46041,2.3,3.05
46043,6.9,2.33
46045,3.5,2.27
46047,4.1,2.1
46049,2.4,2.15
46051,10.6,2.35
46053,4,2.18
46055,1.1,2.24
46057,11.5,2.68
46059,2.4,2.26
46061,7.7,2.69
46063,0.5,2.27
46065,22.4,2.3
46067,9.2,2.22
46069,1.7,2.3
46071,1.7,3
46073,3.9,2.18
46075,1.1,2.2
46077,6,2.23
46079,20.8,2.3
46081,32.4,2.19
46083,99.3,2.68
46085,2.3,2.67
46087,10,2.45
46089,2.1,2.06
46091,5.5,2.36
46093,8.1,2.49
46095,1.6,2.88
46097,4.1,2.24
46099,241.4,2.43
46101,12.7,2.48
46102,6.8,4.29
46103,40.6,2.38
46105,1,2.26
46107,2.6,2.13
46109,9.2,2.58
46111,4.2,2.24
46115,4.3,2.3
46117,2.1,2.42
46119,1.3,2.25
46121,7.1,3.45
46123,3.5,2.28
46125,13.9,2.37
46127,34.7,2.49
46129,7.4,2.21
46135,42.8,2.3
46137,1.4,3.35
47001,223.6,2.37
47003,102.4,2.69
47005,37.1,2.31
47007,37.2,2.51
47009,233.2,2.46
47011,322.9,2.54
47013,80.3,2.46
47015,53.5,2.49
47017,46.9,2.39
47019,163.5,2.31
47021,133.7,2.67
47023,61.8,2.56
47025,75,2.41
47027,29.8,2.31
47029,79.7,2.39
47031,127.2,2.5
47033,55.6,2.52
47035,86,2.33
47037,1351.7,2.32
47039,33.9,2.34
47041,58.5,2.48
47043,109.9,2.57
47045,72.9,2.49
47047,58.6,2.62
47049,37.4,2.46
47051,73.6,2.45
47053,84.1,2.47
47055,48.9,2.43
47057,77.5,2.49
47059,111.5,2.39
47061,41.4,2.5
47063,365.5,2.51
47065,638.1,2.39
47067,30.1,2.36
47069,39.3,2.52
47071,43.7,2.41
47073,114.6,2.42
47075,34.6,2.5
47077,53.9,2.45
47079,55.4,2.34
47081,40.7,2.58
47083,39.4,2.46
47085,33.8,2.46
47087,36,2.39
47089,172.3,2.51
47091,59.2,2.28
47093,885.4,2.37
47095,39.7,2.35
47097,53.2,2.56
47099,70,2.55
47101,42.7,2.5
47103,59.6,2.47
47105,213.3,2.42
47107,124.1,2.46
47109,47.1,2.49
47111,77.5,2.57
47113,179.8,2.47
47115,57,2.45
47117,87.7,2.55
47119,151.2,2.52
47121,56.9,2.48
47123,71.2,2.49
47125,367.8,2.65
47127,49.9,2.51
47129,42.5,2.53
47131,56,2.4
47133,51.3,2.47
47135,19.1,2.47
47137,29.9,2.3
47139,40.9,2.49
47141,192.9,2.41
47143,98.1,2.52
47145,136.2,2.39
47147,148.7,2.71
47149,507,2.68
47151,42.5,2.53
47153,56.6,2.52
47155,160.5,2.52
47157,1217.3,2.59
47159,61.3,2.57
47161,26.7,2.46
47163,371.9,2.33
47165,342.7,2.61
47167,132.9,2.78
47169,72.5,2.6
47171,96.1,2.32
47173,79.3,2.56
47175,21.2,2.43
47177,94,2.48
47179,393.6,2.31
47181,23.2,2.43
47183,58.4,2.36
47185,71.1,2.48
47187,401.7,2.81
47189,240.2,2.65
48001,55,2.57
48003,11.7,2.8
48005,105.3,2.7
48007,103.1,2.32
48009,9.6,2.54
48011,2.1,2.46
48013,40.6,2.92
48015,46.8,2.6
48017,8.8,2.86
48019,28.8,2.35
48021,96.7,2.78
48023,4.2,2.19
48025,37.8,2.69
48027,327.7,2.65
48029,1579.5,2.75
48031,16.2,2.41
48033,0.7,2.43
48035,19,2.47
48037,104,2.49
48039,262.7,2.84
48041,391.8,2.53
48043,1.7,2.18
48045,1.8,2.37
48047,7.8,2.71
48049,41.6,2.47
48051,27.6,2.5
48053,48.9,2.53
48055,79.3,2.82
48057,42,2.72
48059,15.9,2.47
48061,461.2,3.36
48063,64.6,2.64
48065,6.6,2.49
48067,32.7,2.42
48069,8.8,2.91
48071,68.7,2.92
48073,50.2,2.68
48075,10.2,2.42
48077,9.8,2.47
48079,4.1,2.74
48081,3.6,2.24
48083,6.9,2.3
48085,1132.8,2.74
48087,3.5,2.55
48089,22.2,2.51
48091,253.5,2.6
48093,15.1,2.48
48095,2.8,2.4
48097,45.3,2.6
48099,74.5,2.84
48101,1.6,2.22
48103,6.3,2.92
48105,1.3,2.58
48107,6.9,2.68
48109,0.6,2.63
48111,4.9,2.72
48113,2921.7,2.73
48115,14.8,2.67
48117,12.7,2.99
48119,19.5,2.47
48121,890.6,2.71
48123,22.9,2.47
48125,2.5,2.29
48127,8.5,2.89
48129,3.8,2.27
48131,6.4,2.74
48133,20.7,2.37
48135,181.1,2.77
48137,0.9,2.38
48139,184.9,2.93
48141,857.9,3.06
48143,40.4,2.47
48145,23,2.51
48147,39.4,2.53
48149,27.1,2.39
48151,4.4,2.37
48153,6.5,2.67
48155,1.6,2.28
48157,889.9,3.09
48159,37.8,2.52
48161,23,2.51
48163,17.2,2.87
48165,14.3,3.11
48167,838.6,2.63
48169,7.1,2.6
48171,25.9,2.31
48173,1.5,2.78
48175,9.2,2.48
48177,20.2,2.74
48179,25.3,2.48
48181,135.3,2.53
48183,465.6,2.56
48185,36.5,2.65
48187,228.6,2.83
48189,35.1,2.83
48191,3.7,2.41
48193,10.4,2.4
48195,6.2,2.77
48197,5.6,2.39
48199,64.1,2.65
48201,2664.6,2.82
48203,74.8,2.62
48205,4,2.63
48207,6.3,2.33
48209,321.9,2.72
48211,4.7,2.73
48213,88.3,2.49
48215,558.6,3.55
48217,37,2.59
48219,26.4,2.7
48221,136.1,2.43
48223,47.7,2.61
48225,19.3,2.41
48227,43.6,2.55
48229,0.8,2.89
48231,108.7,2.63
48233,25,2.5
48235,1.5,2.45
48237,9.8,2.52
48239,17.8,2.62
48241,37.9,2.52
48243,1,2.18
48245,264.4,2.53
48247,5,2.78
48249,48.6,2.9
48251,233.7,2.84
48253,21.9,2.52
48255,20.8,2.57
48257,152.1,2.92
48259,67.6,2.61
48261,0.3,2.83
48263,0.9,2.16
48265,48.4,2.32
48267,3.7,2.26
48269,0.3,2.53
48271,2.7,2.42
48273,37.5,2.71
48275,5,2.4
48277,54.6,2.48
48279,13.1,2.71
48281,30.2,2.58
48283,5.3,2.75
48285,21,2.41
48287,28.1,2.62
48289,16.4,2.42
48291,71.2,2.81
48293,25.3,2.56
48295,3.7,2.59
48297,11.8,2.44
48299,23.2,2.12
48301,0.1,2.1
48303,351.8,2.53
48305,6.6,2.61
48307,8.1,2.45
48309,242.1,2.6
48311,0.7,2.28
48313,30.6,2.65
48315,25,2.26
48317,5.4,2.88
48319,4.4,2.29
48321,34.2,2.61
48323,46.3,3.42
48325,38.3,2.81
48327,2.4,2.22
48329,188.6,2.66
48331,25.8,2.59
48333,6.9,2.42
48335,9.7,2.49
48337,21.6,2.43
48339,548.4,2.78
48341,25.2,3.02
48343,50.3,2.45
48345,1.2,2.23
48347,68.3,2.49
48349,46.8,2.7
48351,15.1,2.51
48353,16.8,2.47
48355,444.2,2.68
48357,11.7,2.81
48359,1.4,2.56
48361,222.5,2.62
48363,29.9,2.56
48365,29.6,2.53
48367,147.9,2.71
48369,11.4,2.99
48371,3.5,2.75
48373,46.5,2.49
48375,136.2,2.66
48377,1.9,2.69
48379,45.9,2.48
48381,147.4,2.47
48383,3.1,2.89
48385,4.9,2.36
48387,11.8,2.32
48389,4.9,2.78
48391,9.7,2.55
48393,1,2.59
48395,20.8,2.51
48397,679.5,2.94
48399,10.1,2.47
48401,57.4,2.6
48403,20,2.27
48405,15.3,2.38
48407,47,2.6
48409,99.8,2.83
48411,5.4,2.41
48413,2.7,2.93
48415,19.1,2.6
48417,3.8,2.44
48419,32.8,2.62
48421,3.4,2.78
48423,243.2,2.6
48425,46.1,2.67
48427,54.2,3.54
48429,11.1,2.47
48431,1.3,2.52
48433,1.6,2.28
48435,2.9,2.65
48437,8.4,2.61
48439,2296.2,2.72
48441,152.3,2.49
48443,0.4,2.29
48445,14.6,2.73
48447,1.8,2.26
48449,78.7,2.96
48451,78.9,2.48
48453,1230.1,2.48
48455,23.6,2.37
48457,23.7,2.41
48459,70.9,2.6
48461,2.9,2.62
48463,18,2.86
48465,15.5,3
48467,65.8,2.59
48469,108.2,2.65
48471,92.7,2.44
48473,101.2,2.81
48475,13.7,2.64
48477,58.3,2.45
48479,84.3,3.68
48481,38.2,2.7
48483,6.2,2.46
48485,211.4,2.44
48487,13.4,2.44
48489,32.8,3.28
48491,490.1,2.74
48493,62.4,2.82
48495,9.4,2.72
48497,72.8,2.77
48499,66.2,2.39
48501,10.8,2.96
48503,20.3,2.49
48505,13.3,3.26
48507,9.5,3.15
49001,2.6,2.92
49003,8.3,3.09
49005,109.4,3.14
49007,14.2,2.61
49009,1.4,2.34
49011,564.1,3.24
49013,6.6,3.05
49015,2.4,2.93
49017,1,2.59
49019,2.8,2.34
49021,15.6,3
49023,3.4,3.27
49025,1.8,2.42
49027,1.9,2.95
49029,20.5,3.36
49031,2,2.64
49033,2.1,2.81
49035,1443.3,2.96
49037,1.9,3.21
49039,18.9,3.19
49041,11.4,2.89
49043,21.6,2.79
49045,9.5,3.22
49047,8.5,3.07
49049,289.9,3.57
49051,27.4,3.19
49053,69.9,2.94
49055,1.1,2.61
49057,392,2.9
50001,47,2.41
50003,54.9,2.3
50005,48.2,2.38
50007,268,2.37
50009,9.2,2.23
50011,73.2,2.55
50013,37.2,2.4
50015,57.2,2.37
50017,42.4,2.37
50019,38.9,2.33
50021,64.4,2.28
50023,86.8,2.28
50025,55.5,2.23
50027,58.4,2.25
51001,72.6,2.37
51003,150.3,2.41
51005,35.3,2.32
51007,37,2.61
51009,67.4,2.45
51011,47.8,2.47
51013,8713.8,2.09
51015,79.8,2.49
51017,8.5,2.16
51019,102.9,2.42
51021,18.4,2.39
51023,63.1,2.5
51025,30.3,2.4
51027,47.1,2.3
51029,29.7,2.48
51031,111.7,2.42
51033,57.5,2.68
51035,63.1,2.32
51036,38.9,2.46
51037,26.3,2.43
51041,797,2.69
51043,82.8,2.5
51045,16,2.37
51047,133.6,2.77
51049,33.3,2.52
51051,49.1,2.36
51053,56.4,2.58
51057,47.4,2.43
51059,2837,2.74
51061,109,2.74
51063,41.8,2.37
51065,93.6,2.58
51067,80.4,2.4
51069,210.3,2.68
51071,48.1,2.38
51073,177.6,2.55
51075,82,2.54
51077,35.9,2.24
51079,129.5,2.69
51081,39.8,2.44
51083,42.9,2.35
51085,230.6,2.68
51087,1335.7,2.44
51089,137.4,2.31
51091,5.5,2.15
51093,118.2,2.55
51095,520.4,2.45
51097,23.4,2.41
51099,142.8,2.78
51101,60.1,2.65
51103,93.1,2.13
51105,59.3,2.35
51107,778.3,2.98
51109,71,2.54
51111,29.6,2.36
51113,42.7,2.58
51115,103.5,2.3
51117,46.9,2.3
51119,83.5,2.24
51121,256.9,2.38
51125,32,2.33
51127,101.3,2.62
51131,59.9,2.27
51133,69.1,2.23
51135,51.1,2.46
51137,105.7,2.55
51139,77.2,2.45
51141,37.8,2.26
51143,64.1,2.39
51145,113.4,2.7
51147,67.3,2.41
51149,141.1,2.7
51153,1330.9,3.05
51155,106.7,2.29
51157,28.4,2.39
51159,47.7,2.36
51161,382.1,2.39
51163,37.9,2.32
51165,95.3,2.57
51167,64.8,2.38
51169,41.8,2.3
51171,85.4,2.43
51173,70.5,2.36
51175,30.7,2.53
51177,325.6,2.91
51179,548.5,3
51181,25.9,2.5
51183,24.4,2.38
51185,85.8,2.35
51187,182.9,2.62
51191,97.9,2.33
51193,78.9,2.38
51195,101.2,2.4
51197,63.3,2.32
51199,642.3,2.7
51510,10177.2,2.03
51520,1307.4,2.21
51530,960.5,2.4
51540,4733.1,2.31
51550,703.1,2.75
51570,2262,2.37
51580,1031,2.23
51590,962.8,2.21
51595,817.2,2.45
51600,3821.9,2.64
51610,7017.6,2.41
51620,1010.9,2.39
51630,2696.7,2.28
51640,837,2.28
51650,2584.2,2.42
51660,3033,2.59
51670,2202,2.45
51678,2874.5,2
51680,1649.8,2.3
51683,4151.1,3.02
51685,6000.8,3.17
51690,1241.6,2.21
51700,2677.2,2.45
51710,4261.1,2.43
51720,534,2.22
51730,1404.7,2.3
51735,788.4,2.67
51740,2612.4,2.47
51750,1755.4,2.3
51760,3633.1,2.2
51770,2343.9,2.22
51775,1781.5,2.3
51790,1248.7,2.15
51800,230.7,2.7
51810,1755.8,2.6
51820,1444.6,2.34
51830,1649.3,2.17
51840,2937.1,2.38
53001,10.4,3.25
53003,34.4,2.32
53005,113,2.66
53007,26.1,2.57
53009,43.2,2.22
53011,736.9,2.67
53013,4.7,2.27
53015,92.3,2.51
53017,22.8,2.75
53019,3.4,2.29
53021,71.4,3.28
53023,3.2,2.25
53025,33.9,2.93
53027,38.4,2.45
53029,393.5,2.35
53031,17.6,2.08
53033,1004.2,2.4
53035,661.8,2.49
53037,19.5,2.32
53039,11.5,2.42
53041,32.3,2.51
53043,4.6,2.37
53045,65.5,2.45
53047,7.9,2.45
53049,22.1,2.17
53051,9.4,2.35
53053,521.9,2.59
53055,91.3,2.05
53057,70.8,2.53
53059,7,2.44
53061,381.9,2.62
53063,289.2,2.44
53065,17.7,2.5
53067,382.9,2.46
53069,14.4,2.26
53071,47.9,2.5
53073,101.8,2.43
53075,22.8,2.22
53077,58.6,2.97
54001,51.3,2.46
54003,369.4,2.59
54005,48,2.47
54007,28.7,2.36
54009,254.4,2.32
54011,338,2.24
54013,28,2.33
54015,28.9,2.5
54017,27.6,2.41
54019,68.5,2.35
54021,24.4,2.34
54023,26,2.39
54025,35.8,2.26
54027,39.3,2.44
54029,342.5,2.29
54031,24.9,2.4
54033,169.8,2.39
54035,63.3,2.43
54037,277,2.61
54039,205.8,2.26
54041,42.3,2.35
54043,49.8,2.47
54045,84.4,2.43
54047,44,2.36
54049,185.4,2.32
54051,104.5,2.35
54053,61.6,2.39
54055,146.1,2.3
54057,87.1,2.39
54059,66.4,2.4
54061,286.1,2.24
54063,29.4,2.38
54065,80.4,2.39
54067,41.6,2.38
54069,397,2.21
54071,10.6,2.28
54073,58,2.44
54075,9,2.24
54077,54.6,2.42
54079,166.4,2.51
54081,130.4,2.36
54083,29,2.32
54085,22.3,2.37
54087,29.8,2.39
54089,38.3,2.26
54091,98.4,2.42
54093,16.6,2.29
54095,36.3,2.37
54097,71.3,2.4
54099,83.9,2.43
54101,17,2.4
54103,44.6,2.36
54105,24.5,2.39
54107,230.9,2.35
54109,45.4,2.45
55001,29.1,2.24
55003,14.9,2.31
55005,52.1,2.36
55007,9.9,2.23
55009,492.9,2.45
55011,18.9,2.36
55013,17.1,2.25
55015,130.6,2.63
55017,62.3,2.45
55019,28.8,2.69
55021,73.4,2.43
55023,27.8,2.33
55025,438.6,2.33
55027,99.1,2.44
55029,58.2,2.19
55031,33.4,2.31
55033,52.2,2.47
55035,162.3,2.38
55037,8.9,2.2
55039,135.6,2.41
55041,8.6,2.33
55043,44.7,2.44
55045,63.7,2.45
55047,49.5,2.38
55049,31.2,2.46
55051,7.1,2.06
55053,20.6,2.44
55055,145.8,2.49
55057,33.6,2.38
55059,615.8,2.58
55061,60.3,2.48
55063,251.2,2.37
55065,26.7,2.53
55067,22.1,2.29
55069,31.5,2.33
55071,135.8,2.36
55073,87,2.49
55075,28.3,2.26
55077,33.3,2.32
55078,12,3.17
55079,3882.1,2.41
55081,50.6,2.52
55083,37.7,2.42
55085,29.3,2.21
55087,292.6,2.49
55089,380.6,2.47
55091,30,2.4
55093,71,2.55
55095,46.4,2.43
55097,86.8,2.39
55099,10.7,2.2
55101,581.7,2.52
55103,29.9,2.41
55105,223.3,2.5
55107,15.7,2.34
55109,123.3,2.63
55111,76.2,2.43
55113,12.2,2.31
55115,45.8,2.42
55117,224.9,2.42
55119,20.8,2.44
55121,40.2,2.46
55123,37.7,2.53
55125,20.8,2.2
55127,179.7,2.51
55129,18.5,2.27
55131,313.8,2.53
55133,699.1,2.52
55135,68,2.37
55137,38.3,2.34
55139,297.3,2.34
55141,92.8,2.34
56001,9.1,2.17
56003,3.9,2.52
56005,10.5,2.66
56007,2,2.36
56009,3.4,2.42
56011,2.6,2.41
56013,4.4,2.54
56015,6,2.29
56017,2.5,2.16
56019,2.1,2.25
56021,37.5,2.4
56023,4.7,2.63
56025,15.4,2.41
56027,1,2.12
56029,4.4,2.29
56031,4.3,2.23
56033,12.3,2.27
56035,2,2.48
56037,4.4,2.62
56039,5.6,2.34
56041,10.3,2.72
56043,3.8,2.4
56045,3.1,2.28
